date,btc_close,signal,vix_close,vvix_close
2014-10-18,391.4419860839844,bullish_cross,21.989999771118164,118.83999633789062
2014-10-23,358.4169921875,bearish_cross,16.530000686645508,102.05000305175781
2014-11-11,367.69500732421875,bullish_cross,12.920000076293945,79.79000091552734
2014-11-22,352.9200134277344,bearish_cross,12.899999618530273,79.33999633789062
2014-11-24,376.9010009765625,bullish_cross,12.619999885559082,79.25
2014-12-08,361.90899658203125,bearish_cross,14.210000038146973,94.44999694824219
2015-02-17,243.61000061035156,bullish_cross,15.800000190734863,92.94999694824219
2015-03-21,260.0249938964844,bearish_cross,13.020000457763672,80.48999786376953
2015-05-04,239.01800537109375,bullish_cross,12.850000381469727,78.55999755859375
2015-05-19,231.94700622558594,bearish_cross,12.850000381469727,77.52999877929688
2015-05-22,240.34800720214844,bullish_cross,12.130000114440918,75.9800033569336
2015-05-30,233.34500122070312,bearish_cross,13.84000015258789,79.06999969482422
2015-06-15,236.822998046875,bullish_cross,15.390000343322754,96.12000274658203
2015-08-08,260.99700927734375,bearish_cross,13.390000343322754,82.56999969482422
2015-09-11,240.10699462890625,bullish_cross,23.200000762939453,119.08999633789062
2015-09-12,235.22900390625,bearish_cross,23.200000762939453,119.08999633789062
2015-09-28,239.14199829101562,bullish_cross,27.6299991607666,115.30999755859375
2015-11-20,322.0220031738281,bearish_cross,15.470000267028809,90.79000091552734
2015-11-26,352.6839904785156,bullish_cross,15.1899995803833,86.13999938964844
2016-01-15,364.33099365234375,bearish_cross,27.020000457763672,116.41000366210938
2016-02-14,407.2300109863281,bullish_cross,25.399999618530273,103.25
2016-03-07,414.3210144042969,bearish_cross,17.350000381469727,82.30000305175781
2016-03-11,421.69000244140625,bullish_cross,16.5,92.3499984741211
2016-03-12,411.6239929199219,bearish_cross,16.5,92.3499984741211
2016-03-17,420.6210021972656,bullish_cross,14.4399995803833,84.70999908447266
2016-03-18,409.5480041503906,bearish_cross,14.020000457763672,86.19999694824219
2016-03-25,417.177001953125,bullish_cross,14.739999771118164,84.19999694824219
2016-05-20,442.6759948730469,bearish_cross,15.199999809265137,85.45999908447266
2016-05-27,473.4639892578125,bullish_cross,13.119999885559082,76.16999816894531
2016-07-25,654.0969848632812,bearish_cross,12.869999885559082,91.94999694824219
2016-09-04,608.6339721679688,bullish_cross,11.979999542236328,81.3499984741211
2017-01-11,777.7570190429688,bearish_cross,11.260000228881836,86.72000122070312
2017-01-22,924.6729736328125,bullish_cross,11.539999961853027,83.62999725341797
2017-03-18,973.8179931640625,bearish_cross,11.279999732971191,78.66000366210938
2017-04-04,1133.25,bullish_cross,11.789999961853027,79.66999816894531
2017-06-30,2480.840087890625,bearish_cross,11.180000305175781,90.43000030517578
2017-07-06,2608.56005859375,bullish_cross,12.539999961853027,100.20999908447266
2017-07-07,2518.659912109375,bearish_cross,11.1899995803833,92.5
2017-07-21,2667.760009765625,bullish_cross,9.359999656677246,77.86000061035156
2017-09-12,4130.81005859375,bearish_cross,10.579999923706055,92.38999938964844
2017-09-29,4163.06982421875,bullish_cross,9.510000228881836,93.13999938964844
2017-12-30,12952.2001953125,bearish_cross,11.039999961853027,100.76000213623047
2018-01-05,17429.5,bullish_cross,9.220000267028809,93.0999984741211
2018-01-11,13405.7998046875,bearish_cross,9.880000114440918,92.23999786376953
2018-02-18,10551.7998046875,bullish_cross,19.459999084472656,121.19999694824219
2018-03-09,9337.5498046875,bearish_cross,14.640000343322754,99.70999908447266
2018-04-15,8329.1103515625,bullish_cross,17.40999984741211,93.94000244140625
2018-05-13,8723.9404296875,bearish_cross,12.649999618530273,90.02999877929688
2018-07-07,6856.93017578125,bullish_cross,13.369999885559082,95.73999786376953
2018-07-10,6329.9501953125,bearish_cross,12.640000343322754,91.95999908447266
2018-07-17,7321.0400390625,bullish_cross,12.0600004196167,98.55999755859375
2018-08-06,6951.7998046875,bearish_cross,11.270000457763672,84.66000366210938
2018-08-28,7096.27978515625,bullish_cross,12.5,92.30999755859375
2018-09-08,6225.97998046875,bearish_cross,14.880000114440918,102.37999725341797
2018-09-28,6644.1298828125,bullish_cross,12.119999885559082,87.30999755859375
2018-10-03,6502.58984375,bearish_cross,11.609999656677246,85.80000305175781
2018-10-06,6588.31005859375,bullish_cross,14.819999694824219,102.62999725341797
2018-10-11,6256.240234375,bearish_cross,24.979999542236328,129.3000030517578
2018-12-24,4078.59912109375,bullish_cross,36.06999969482422,111.87999725341797
2018-12-27,3654.83349609375,bearish_cross,29.959999084472656,95.88999938964844
2018-12-30,3865.95263671875,bullish_cross,28.34000015258789,91.23999786376953
2018-12-31,3742.700439453125,bearish_cross,25.420000076293945,87.11000061035156
2019-01-02,3943.409423828125,bullish_cross,23.219999313354492,81.66000366210938
2019-01-11,3687.365478515625,bearish_cross,18.190000534057617,83.8499984741211
2019-02-11,3648.4306640625,bullish_cross,15.970000267028809,82.7699966430664
2019-07-16,9477.6416015625,bearish_cross,12.859999656677246,88.25
2019-08-04,10970.1845703125,bullish_cross,17.610000610351562,102.69000244140625
2019-08-16,10374.3388671875,bearish_cross,18.469999313354492,110.31999969482422
2019-09-07,10517.2548828125,bullish_cross,15.0,94.4000015258789
2019-09-10,10115.9755859375,bearish_cross,15.199999809265137,93.8499984741211
2019-09-13,10360.546875,bullish_cross,13.739999771118164,98.93000030517578
2019-09-17,10241.2724609375,bearish_cross,14.4399995803833,101.66999816894531
2019-10-27,9551.71484375,bullish_cross,12.649999618530273,83.81999969482422
2019-11-14,8708.0947265625,bearish_cross,13.050000190734863,93.44999694824219
2020-01-05,7411.3173828125,bullish_cross,14.020000457763672,93.79000091552734
2020-02-26,8820.5224609375,bearish_cross,27.559999465942383,113.44000244140625
2020-04-06,7271.78125,bullish_cross,45.2400016784668,143.3000030517578
2020-06-19,9288.0185546875,bearish_cross,35.119998931884766,138.35000610351562
2020-06-23,9629.658203125,bullish_cross,31.3700008392334,130.72999572753906
2020-06-24,9313.6103515625,bearish_cross,33.84000015258789,136.88999938964844
2020-07-22,9525.36328125,bullish_cross,24.31999969482422,112.83999633789062
2020-09-03,10245.296875,bearish_cross,33.599998474121094,132.91000366210938
2020-10-08,10915.685546875,bullish_cross,26.360000610351562,104.80000305175781
2021-01-25,32366.392578125,bearish_cross,23.190000534057617,116.62999725341797
2021-02-02,35510.2890625,bullish_cross,25.559999465942383,119.0999984741211
2021-04-20,56473.03125,bearish_cross,18.68000030517578,116.37000274658203
2021-05-07,57356.40234375,bullish_cross,16.690000534057617,107.02999877929688
2021-05-12,49150.53515625,bearish_cross,27.59000015258789,146.27999877929688
2021-07-25,35350.1875,bullish_cross,17.200000762939453,114.91999816894531
2021-09-10,44883.91015625,bearish_cross,20.950000762939453,124.9800033569336
2021-09-18,48278.36328125,bullish_cross,20.809999465942383,118.9000015258789
2021-09-20,42843.80078125,bearish_cross,25.709999084472656,138.92999267578125
2021-10-03,48199.953125,bullish_cross,21.100000381469727,112.61000061035156
2021-11-18,56942.13671875,bearish_cross,17.59000015258789,112.1500015258789
2022-02-06,42412.43359375,bullish_cross,23.219999313354492,124.88999938964844
2022-02-20,38431.37890625,bearish_cross,27.75,133.63999938964844
2022-03-01,44354.63671875,bullish_cross,33.31999969482422,132.8000030517578
2022-03-06,38419.984375,bearish_cross,31.979999542236328,127.8499984741211
2022-03-18,41801.15625,bullish_cross,23.8700008392334,106.73999786376953
2022-04-10,42207.671875,bearish_cross,21.15999984741211,112.13999938964844
2022-07-19,23389.43359375,bullish_cross,24.5,88.61000061035156
2022-08-19,20877.552734375,bearish_cross,20.600000381469727,89.7699966430664
2022-09-12,22370.44921875,bullish_cross,23.8700008392334,84.52999877929688
2022-09-14,20241.08984375,bearish_cross,26.15999984741211,93.58000183105469
2022-10-05,20160.716796875,bullish_cross,28.549999237060547,92.79000091552734
2022-10-08,19416.568359375,bearish_cross,31.360000610351562,103.37000274658203
2022-10-25,20095.857421875,bullish_cross,28.459999084472656,82.20999908447266
2022-11-09,15880.7802734375,bearish_cross,26.09000015258789,90.11000061035156
2022-12-11,17104.193359375,bullish_cross,22.829999923706055,87.26000213623047
2022-12-18,16757.9765625,bearish_cross,22.6200008392334,89.1500015258789
2023-01-08,17091.14453125,bullish_cross,21.1299991607666,73.87999725341797
2023-02-13,21808.1015625,bearish_cross,20.34000015258789,93.94999694824219
2023-02-15,24307.841796875,bullish_cross,18.229999542236328,84.80999755859375
2023-03-03,22362.6796875,bearish_cross,18.489999771118164,75.93000030517578
2023-03-14,24746.07421875,bullish_cross,23.729999542236328,104.9000015258789
2023-04-23,27591.384765625,bearish_cross,16.770000457763672,96.94000244140625
2023-04-28,29340.26171875,bullish_cross,15.779999732971191,86.9000015258789
2023-05-08,27694.2734375,bearish_cross,16.979999542236328,91.9800033569336
2023-06-20,28327.48828125,bullish_cross,13.880000114440918,96.26000213623047
2023-07-22,29771.802734375,bearish_cross,13.600000381469727,93.36000061035156
2023-09-18,26754.28125,bullish_cross,14.0,84.7699966430664
2023-09-26,26217.25,bearish_cross,18.940000534057617,103.04000091552734
2023-09-28,27021.546875,bullish_cross,17.34000015258789,93.72000122070312
2024-01-15,42511.96875,bearish_cross,12.699999809265137,86.06999969482422
2024-02-01,43075.7734375,bullish_cross,13.880000114440918,84.83000183105469
2024-04-13,63821.47265625,bearish_cross,17.309999465942383,102.72000122070312
2024-05-16,65231.58203125,bullish_cross,12.420000076293945,77.73999786376953
2024-06-14,66011.09375,bearish_cross,12.65999984741211,83.72000122070312
2024-07-16,65097.1484375,bullish_cross,13.1899995803833,82.4000015258789
2024-08-03,60680.09375,bearish_cross,23.389999389648438,136.80999755859375
2024-08-23,64094.35546875,bullish_cross,15.859999656677246,99.22000122070312
2024-08-29,59388.1796875,bearish_cross,15.649999618530273,97.08000183105469
2024-09-15,59182.8359375,bullish_cross,16.559999465942383,101.87999725341797
2024-09-16,58192.5078125,bearish_cross,17.139999389648438,106.66999816894531
2024-09-17,60308.5390625,bullish_cross,17.610000610351562,107.19000244140625
2024-10-09,60582.1015625,bearish_cross,20.860000610351562,119.36000061035156
2024-10-12,63193.0234375,bullish_cross,20.459999084472656,113.98999786376953
2024-12-23,94686.2421875,bearish_cross,16.780000686645508,102.33999633789062
2024-12-25,99299.1953125,bullish_cross,14.270000457763672,91.05000305175781
2024-12-26,95795.515625,bearish_cross,14.729999542236328,92.7699966430664
2025-01-06,102078.0859375,bullish_cross,16.040000915527344,95.88999938964844
2025-01-09,92484.0390625,bearish_cross,17.700000762939453,103.93000030517578
2025-01-15,100504.4921875,bullish_cross,16.1200008392334,97.79000091552734
2025-02-04,97871.8203125,bearish_cross,17.209999084472656,100.87999725341797
2025-03-27,87177.1015625,bullish_cross,18.690000534057617,89.51000213623047
2025-03-28,84353.1484375,bearish_cross,21.649999618530273,102.44000244140625
2025-04-16,84033.8671875,bullish_cross,32.63999938964844,122.91000366210938
2025-06-06,104390.34375,bearish_cross,16.770000457763672,89.44999694824219
2025-06-07,105615.625,bullish_cross,16.770000457763672,89.44999694824219
2025-06-18,104883.328125,bearish_cross,20.139999389648438,106.19999694824219
2025-06-26,106960.0,bullish_cross,16.59000015258789,89.5999984741211
2025-08-02,112526.9140625,bearish_cross,20.3799991607666,109.79000091552734
2025-08-09,116500.359375,bullish_cross,15.149999618530273,93.13999938964844
2025-08-19,112831.1796875,bearish_cross,15.569999694824219,102.08999633789062
2025-09-11,115507.5390625,bullish_cross,14.710000038146973,96.31999969482422
2025-09-25,109049.2890625,bearish_cross,16.739999771118164,100.33999633789062
2025-10-01,118648.9296875,bullish_cross,16.290000915527344,93.22000122070312
2025-10-13,115271.078125,bearish_cross,19.030000686645508,106.44999694824219
2026-01-03,90603.1875,bullish_cross,14.510000228881836,90.0999984741211
2026-01-22,89462.453125,bearish_cross,15.640000343322754,96.12000274658203
2026-03-12,70493.4609375,bullish_cross,27.290000915527344,130.17999267578125
2026-03-26,68791.625,bearish_cross,27.440000534057617,124.43000030517578
2026-04-07,71940.703125,bullish_cross,25.780000686645508,117.30000305175781
2026-05-19,76750.90625,bearish_cross,18.059999465942383,94.61000061035156
2026-07-10,64127.140625,bullish_cross,15.029999732971191,87.27999877929688
2026-07-31,62813.74609375,bearish_cross,15.989999771118164,91.63999938964844
2026-08-07,64880.19140625,bullish_cross,14.899999618530273,90.41999816894531
2026-08-12,63402.43359375,bearish_cross,14.550000190734863,88.5
